ts,100100024_pressure,100100024_flow,100100020_pressure,100100020_flow,100100017_pressure,100100017_flow,79_pressure,79_flow,12167_pressure,12167_flow,100004_pressure,100004_flow,1002196_pressure,1002196_flow,100100009_pressure,100100009_flow,100100028_pressure,100100028_flow,100100006_pressure,100100006_flow,100100019_pressure,100100019_flow,100100005_pressure,100100005_flow,100100008_pressure,100100008_flow,100100014_pressure,100100014_flow,11142_pressure,11142_flow,12166_pressure,12166_flow,hour_in_wm3,hour_out_wm3,100100022_flow,10012167_flow
2022-08-25 00:00:00,1651.0416,2805.0798,747.5187,0.0,1377.299,21422.0,1358.637,11806.162,738.72,2287.921,739.8951,0.0,741.91153,1013.46094,0.0,908.0,977.7187,0.0,978.37096,104.43164,880.2084,11983.019,967.1834,0.0,1.6782407,809.375,1104.3494,691.552,752.339,0.0,745.6388,3449.6191,4.5139144700000005,5.047302510433333,0.0,0
2022-08-25 01:00:00,1649.3056,2792.6238,581.86554,70.33883,1398.131,21692.0,1377.95,11832.164,741.12,2286.357,742.4948,0.0,741.91153,1013.46094,0.0,908.0,998.75,0.0,999.2585,104.43164,902.7778,11934.84,989.8396,0.0,1.6203703,834.75,1123.3385,928.5697,580.90895,0.0,745.4525,3917.667,4.528598198208333,4.995061606516666,0.0,0
2022-08-25 02:00:00,1649.3056,2761.1924,427.33435,0.0,1437.842,21694.0,1419.1799,11598.725,743.51996,2282.8057,745.43357,0.0,741.91153,1013.46094,0.0,908.0,1031.7502,0.0,1036.0605,104.43164,937.5,11737.9375,1025.8747,0.0,1.7361112,442.5625,1156.7049,2002.7944,433.56597,0.0,749.47876,2984.5981,4.521096138858333,4.855945896175001,0.0,0
2022-08-25 03:00:00,1649.3056,2702.853,446.7751,11388.251,1475.6,21898.0,1456.07,11468.699,743.84,2281.6538,746.2248,0.0,741.91153,1013.46094,0.0,908.0,1081.625,0.0,1080.5483,104.43164,989.5833,11560.292,1073.1401,0.0,1.6203703,884.28125,1200.651,2118.9692,426.40498,0.0,749.1188,3341.1035,4.617103823333335,4.435613221600001,0.0,0
2022-08-25 04:00:00,1649.3056,2702.2097,600.04034,14988.876,1477.3359,21003.0,1458.674,11522.768,729.76,3607.8604,732.6612,0.0,741.91153,1013.46094,0.0,908.0,1096.4999,0.0,1100.4413,104.43164,1012.1528,11930.754,1093.7456,0.9821167,1.6782407,1788.0312,1220.9965,1983.2546,577.21996,0.0,739.2126,5136.1904,6.0210081833333335,5.207474428730833,0.0,0
2022-08-25 05:00:00,1649.3056,2721.8975,733.8649,13731.701,1458.457,20117.0,1441.531,12539.045,714.08,7055.4473,722.03636,0.0,741.91153,1013.46094,0.0,908.0,1067.8124,0.0,1070.8731,104.43164,986.1111,12110.846,1068.8434,0.0,1.5625,1669.9062,1198.4808,2097.7207,720.87395,0.0,740.19754,7043.9443,5.926867261666667,5.521718133689166,289.3893216666666,0
2022-08-25 06:00:00,1644.0972,3536.34,742.9071,16842.29,1660.484,32122.0,1630.9719,15107.02,676.64,9562.242,693.2137,732.5403,741.91153,1013.46094,0.0,908.0,974.3438,589.0078,990.30674,104.43164,909.7222,12300.008,994.5271,0.6124878,1.7361112,1503.2188,1203.6351,1239.4434,734.545,0.0,733.71375,11709.109,7.306361483333334,6.8992067146325,318.695315,0
2022-08-25 07:00:00,1644.0972,3962.7773,694.4409,13250.898,1493.1769,45345.0,1433.502,13931.865,661.76,9451.26,679.19797,471.56165,741.91153,1013.46094,0.0,908.0,852.2812,3378.8994,866.6992,104.43164,788.1945,13078.922,878.31646,0.0,1.6203703,1828.875,1088.073,1962.0374,677.257,0.0,718.6488,10692.572,7.162637144166666,7.286183160388334,452.3359441666667,0
2022-08-25 08:00:00,1631.9444,26509.475,576.16895,15277.504,1671.117,40824.0,1629.236,11978.916,609.43997,8779.148,625.7347,0.0,741.91153,1013.46094,0.0,908.0,785.34377,615.06665,839.84375,104.43164,710.0695,13127.445,814.1565,0.9477997,1.7361112,2326.75,1080.4775,532.0792,552.265,0.0,670.9575,13193.838,9.0115269575,7.522956142492499,478.3183658333333,0
2022-08-25 09:00:00,1635.4167,26408.537,785.1342,11895.772,1666.994,36340.0,1631.189,11538.76,689.28,8941.105,701.3518,0.0,741.91153,1013.46094,0.0,908.0,931.375,646.7809,973.39773,104.43164,857.63896,12614.897,962.20297,0.0,1.5625,2328.1875,1184.9172,523.5491,726.51595,0.0,741.16623,11567.381,9.914626725,7.558669197443333,0.0,0
2022-08-25 10:00:00,1638.8888,26079.91,787.2139,8386.058,1754.0109,38528.0,1712.781,11229.754,660.16,11303.572,680.10217,980.5481,741.91153,1013.46094,0.0,908.0,1020.8125,1457.46777,1064.2723,104.43164,968.75,12262.912,1056.6363,0.0,1.6203703,2344.6875,1269.8255,469.03864,760.58495,0.0,740.045,14098.238,9.269469635833333,7.793864260379167,0.0,0
2022-08-25 11:00:00,1640.625,25870.613,730.33844,9135.235,1737.085,37339.0,1702.799,11579.25,630.23996,12871.527,655.6877,1667.6482,741.91153,1013.46094,0.0,908.0,1049.8126,648.3352,1102.9731,104.43164,1017.361,12185.094,1102.3393,0.0,1.5625,1671.5938,1285.288,2189.954,698.74,0.0,739.34627,16764.414,9.378386733333334,8.523093694785,0.0,0
2022-08-25 12:00:00,1644.0972,25407.102,748.06116,8887.355,1764.861,35482.0,1730.1409,11359.398,671.84,10431.32,689.8228,421.89264,741.91153,1013.46094,0.0,908.0,1123.1251,648.08386,1162.9232,104.43164,1069.4444,12008.703,1153.1204,0.0,1.6203703,2180.875,1341.9839,356.96265,717.402,0.0,742.95,14002.217,9.165098983333333,7.900633984531668,0.0,0
2022-08-25 13:00:00,1649.3056,23650.729,851.95605,7213.3477,1711.479,29810.0,1687.8259,12101.725,697.43997,8310.3125,710.73335,0.0,741.91153,1013.46094,0.0,908.0,1234.0,2000.31044,1257.4147,104.43164,1175.3472,11327.065,1258.4913,0.0,1.7361112,1084.1875,1394.0681,1302.8088,820.26,0.0,743.83503,11532.609,8.377906686666668,7.169024055107499,0.0,0
2022-08-25 14:00:00,1652.7777,22596.127,639.82605,10033.471,1757.2659,29737.0,1731.226,11795.461,709.27995,7735.5684,716.1588,0.0,741.91153,1013.46094,0.0,908.0,1321.125,646.8345,1340.2416,104.43164,1260.4167,10933.4,1339.9364,0.0,1.3888889,995.7031,1457.2747,342.4278,634.942,0.0,742.3038,9126.35,8.229147989166666,6.972116208924999,0.0,0
2022-08-25 15:00:00,1657.986,20917.68,544.3404,10811.599,1773.1069,30102.0,1747.067,11870.393,699.84,8478.0625,712.7679,0.0,741.91153,1013.46094,0.0,908.0,1381.3751,1384.13404,1391.4206,104.43164,1324.6528,10955.882,1394.4284,0.0,1.6203703,1164.0312,1479.2477,526.74976,596.316,8272.5,743.51627,10406.416,8.269727205833334,6.895549778766667,108.79182916666667,0
2022-08-25 16:00:00,1656.25,26303.04,558.8079,10776.877,1789.8159,30570.0,1761.606,11775.428,674.56,10454.682,691.74427,393.51135,708.6355,2270.0,0.0,908.0,1383.9376,647.6609,1411.6753,104.43164,1343.75,10687.143,1412.5925,0.0,1.7361112,930.53125,1496.6091,519.3767,605.43,8070.75,740.50003,12998.291,8.6717233525,7.306943711849999,0.0,0
2022-08-25 17:00:00,1652.7777,28117.59,581.956,14930.584,1701.931,26507.0,1681.3159,12378.096,609.76,13438.486,646.30616,1880.656,680.4232,2116.6875,0.0,908.0,1323.5624,2517.5896,1362.6664,104.43164,1307.2917,10924.59,1377.4363,0.0,1.6203703,1068.4375,1455.9183,645.2997,613.242,7084.125,741.06,17692.883,9.082236046666669,8.411411629315,0.0,0
2022-08-25 18:00:00,1652.7777,29870.709,544.06915,15403.235,1618.82,25930.0,1662.22,12476.182,641.76,11204.727,656.3659,1624.0278,685.9933,2334.7812,0.0,908.0,1243.1874,652.57935,1282.733,104.43164,1222.2222,10754.581,1292.6708,1.2716675,1.7361112,1157.9688,1359.8878,1697.4412,596.09896,8285.25,740.90254,17218.824,9.265581210833336,8.575964464463333,0.0,0
2022-08-25 19:00:00,1656.25,29370.787,588.7376,14983.949,1643.775,26227.0,1662.22,12476.182,707.35997,6975.0605,716.6109,0.0,687.29544,2326.125,0.0,908.0,1284.1876,649.9132,1314.0191,104.43164,1234.375,10387.322,1306.538,2.038391,1.6203703,924.1875,1382.4035,348.83563,627.347,7560.25,745.0975,10600.58,9.284780575,7.627835496759167,0.0,0
2022-08-25 20:00:00,1652.7777,24603.955,652.033,14147.066,1744.0289,26085.0,1662.22,12476.182,725.28,5907.673,730.28755,0.0,687.29544,2326.125,0.0,908.0,1411.125,649.79456,1432.4725,104.43164,1354.1667,9470.433,1421.8699,0.0,1.7361112,1284.5625,1499.3218,342.43628,670.747,7679.5,747.17003,7303.217,8.88395632,6.668398107131668,0.0,0
2022-08-25 21:00:00,1652.7777,19381.969,793.453,11548.495,1762.6909,18929.0,1662.22,12476.182,734.07996,4572.463,735.826,0.0,687.29544,2326.125,0.0,908.0,1523.5,54.068176,1537.905,104.43164,1467.014,9008.047,1481.9282,0.0,1.6203703,937.34375,1601.049,326.12305,820.911,8712.5,746.4126,6095.0664,7.768856724999999,6.07764054244,0.0,0
2022-08-25 22:00:00,1647.5694,18267.98,869.95,9610.304,1639.0009,9844.0,1662.22,12476.182,731.83995,3907.942,737.1824,0.0,687.29544,2326.125,0.0,908.0,1541.6875,0.0,1535.3733,104.43164,1482.6388,9088.009,1481.9282,0.0,1.6782407,1128.9688,1572.8366,539.8523,915.08895,9115.25,743.9463,6453.6885,6.038266655833333,5.834960939341667,0.0,0
2022-08-25 23:00:00,1642.3612,18030.924,875.9179,0.0,1663.522,15631.0,1662.22,12476.182,744.64,2564.7817,748.3724,0.0,687.29544,2326.125,0.0,908.0,1517.4999,0.0,1522.714,104.43164,1458.3333,8933.768,1481.9282,0.0,1.6782407,842.2344,1552.4912,490.07147,922.901,7843.25,746.1063,4070.9644,5.433617166833333,5.671625130695834,0.0,0
2022-08-26 00:00:00,1651.0416,2707.587,893.3693,0.0,1658.314,16967.0,1662.22,12476.182,740.79996,2968.5684,741.13846,0.0,687.29544,2326.125,0.0,908.0,1495.8749,0.0,1459.5993,104.43164,1406.25,9401.456,1481.9282,0.0,1.7361112,862.96875,1519.9385,638.20605,940.044,6961.0,745.44007,4324.0176,4.30392036,5.370084758958334,0.0,0
2022-08-26 01:00:00,1651.0416,2722.3655,894.5448,0.0,1629.887,17552.0,1662.22,12476.182,738.72,2298.1094,740.2342,0.0,687.29544,2326.125,0.0,908.0,1495.8749,0.0,1399.1067,104.43164,1340.2778,9811.642,1481.9282,0.0,1.6203703,1214.0625,1461.3436,2049.9834,910.966,0.0,745.44007,4324.0176,4.184411145,5.313265763704167,0.0,0
2022-08-26 02:00:00,1651.0416,2671.6638,739.3807,0.0,1640.9539,16486.0,1662.22,12476.182,742.08,2433.7876,743.7381,0.0,687.29544,2326.125,0.0,908.0,1413.6875,0.0,1404.4416,104.43164,1340.2778,9519.175,1481.9282,0.0,1.6203703,789.0781,1479.7902,2062.5503,738.885,0.0,747.9725,3396.1772,4.093665484333333,5.1168868394375,0.0,0
2022-08-26 03:00:00,1651.0416,2707.998,580.32837,68.319565,1647.03,16458.0,1662.22,12476.182,742.72,2570.5273,743.05993,0.0,687.29544,2326.125,0.0,908.0,1406.625,0.0,1407.6967,104.43164,1343.75,9473.078,1481.9282,0.0,1.8518519,575.21875,1486.572,1880.7305,584.16396,0.0,746.1063,3799.9082,4.129849630200001,5.206312051983334,0.0,0
2022-08-26 04:00:00,1651.0416,2661.8127,815.8777,13220.683,1633.359,16424.0,1662.22,12476.182,732.8,3369.4849,734.69573,0.0,687.29544,2326.125,0.0,908.0,1397.3124,0.0,1388.9792,104.43164,1328.125,10077.929,1481.9282,0.0,1.6782407,766.2656,1473.2797,2287.315,789.446,0.0,742.3863,4336.337,5.518319729166667,5.4230133943166665,0.0,0
2022-08-26 05:00:00,1651.0416,2671.2449,879.6252,10996.824,1583.666,16420.0,1662.22,12476.182,711.2,7491.4697,721.3582,0.0,687.29544,2326.125,0.0,908.0,1313.6251,0.0,1316.1892,104.43164,1255.2084,10740.192,1481.9282,0.0,1.6782407,880.21875,1415.7699,442.4552,874.07595,0.0,738.39754,7882.8955,5.262379111666667,5.7835719035375,0.0,0
2022-08-26 06:00:00,1644.0972,4503.238,857.38135,20088.973,1676.759,31499.0,1662.22,12476.182,673.11996,10228.715,688.57944,626.60034,687.29544,2326.125,0.0,908.0,1181.1249,0.0,1191.3158,104.43164,1131.9444,11548.363,1206.9288,0.0,1.8518519,711.0625,1359.6166,1535.1245,843.26196,0.0,736.73874,12614.85,6.913347414166668,6.868192949691666,916.5803428571427,0
2022-08-26 07:00:00,1644.0972,4360.0864,284.9197,20974.135,1697.591,34189.0,1662.22,12476.182,693.6,8595.814,705.8731,0.0,687.29544,2326.125,0.0,908.0,1066.1874,749.699,1076.9315,104.43164,1008.6806,11662.11,1078.609,0.0,1.7361112,913.5469,1282.8466,1732.8359,878.416,0.0,735.49753,10355.762,8.181075942500001,7.505018987566668,0.0,0
2022-08-26 08:00:00,1631.9444,33682.16,806.2025,8588.478,1578.892,32504.0,1662.22,12476.182,695.36,8413.461,708.0206,0.0,718.25665,1269.6406,0.0,908.0,1099.8125,0.0,1131.004,104.43164,1031.25,11952.666,1119.8198,0.0,1.6203703,1007.4375,1243.7834,1869.5073,795.739,0.0,741.25755,10613.369,9.679121175833332,7.387145141212501,0.0,0
2022-08-26 09:00:00,1635.4167,31486.812,572.55206,11650.499,1643.124,29969.0,1662.22,12476.182,689.75997,8745.75,704.6297,0.0,715.79707,1927.2031,0.0,908.0,1218.1873,0.0,1238.3355,104.43164,1161.4584,11307.207,1236.6163,0.0,1.6782407,1432.8125,1340.085,3551.3623,575.26696,0.0,741.63,10688.164,9.631498141666667,8.036053897334165,0.0,0
2022-08-26 10:00:00,1638.8888,32310.975,604.19977,11326.073,1560.8809,29433.0,1662.22,12476.182,664.8,10275.551,685.5276,853.9501,702.41433,1837.375,0.0,908.0,1156.3125,0.0,1183.9012,104.43164,1107.6388,11785.625,1183.5892,0.0,1.5046297,1449.9688,1246.2248,3816.4268,695.05095,10539.5,737.2813,13829.791,9.489900433333334,8.88423713523,0.0,0
2022-08-26 11:00:00,1642.3612,33668.07,571.46704,15363.317,1507.0649,29683.0,1662.22,12476.182,636.32,11673.75,661.11314,1643.5208,685.5593,2286.5625,0.0,908.0,1072.1874,0.0,1103.8773,104.43164,1024.3056,12171.216,1103.2182,1.8821411,1.7939815,2056.0625,1177.3217,1760.7239,679.861,11439.75,730.81,15584.27,9.713936062500002,9.3012619239725,0.0,0
2022-08-26 12:00:00,1644.0972,34675.0,593.1683,11578.589,1469.307,28266.0,1662.22,12476.182,684.64,8063.092,699.3173,360.94177,711.4567,1466.5312,0.0,908.0,1051.4376,0.0,1069.788,104.43164,980.9028,12289.255,1063.9606,0.0,1.6203703,1322.5625,1142.3275,2633.4438,703.514,10125.25,736.7475,11869.994,10.059076512500003,8.678769471158335,0.0,0
2022-08-26 13:00:00,1649.3056,33280.188,597.50854,11773.595,1410.4999,25311.0,1662.22,12476.182,710.24,6375.5664,718.98454,0.0,726.93735,1246.4062,0.0,908.0,1093.4999,0.0,1105.505,104.43164,1017.361,11784.618,1098.5307,0.0,1.7361112,1116.25,1155.3485,1935.8381,697.221,10117.0,740.99255,8848.273,9.472573429166669,8.122164421370833,0.0,0
2022-08-26 14:00:00,1651.0416,31970.262,687.93054,9150.436,1427.2089,23634.0,1662.22,12476.182,719.19996,5714.6787,725.8794,0.0,733.0138,1149.375,0.0,908.0,1149.0626,0.0,1161.6573,104.43164,1076.3888,11392.017,1154.1946,0.0,1.4467592,1236.25,1210.4169,1859.7295,717.83596,8527.75,740.4213,7078.1836,9.081156075,7.7961237868925,0.0,0
2022-08-26 15:00:00,1652.7777,31364.154,1.3192636,431.578,1566.0889,27530.0,1662.22,12476.182,706.88,7010.289,717.5152,0.0,725.27355,1242.1094,0.0,908.0,1202.25,0.0,1214.0118,104.43164,1130.2083,11604.653,1208.1984,0.0,1.6782407,752.2031,1284.2029,415.33563,780.76595,7900.125,738.4475,9359.041,8.870458995833333,7.750336404626666,0.0,0
2022-08-26 16:00:00,1656.25,29868.94,1.3192636,431.578,1512.924,24367.0,1662.22,12476.182,693.12,8743.693,706.0991,0.0,717.6056,1429.2812,0.0,908.0,1240.1252,0.0,1252.4414,104.43164,1152.7778,11280.508,1250.874,1.8560181,1.6203703,1430.0938,1302.9207,495.64874,764.274,9359.0,739.73876,10540.246,7.8172385916666665,8.8162349377425,0.0,0
2022-08-26 17:00:00,1656.25,30595.46,1.3093172,431.578,1477.119,23944.0,1662.22,12476.182,639.52,11945.727,663.5998,1574.9685,693.0102,1871.3125,0.0,908.0,1180.0625,0.0,1206.9589,104.43164,1133.6806,11520.666,1208.6867,0.0,1.7361112,870.1719,1253.2779,2645.8745,755.377,12017.75,734.41374,15138.869,7.712829529166667,9.414066940714168,0.0,0
2022-08-26 18:00:00,1652.7777,33621.19,1.2104855,431.578,1382.507,23838.0,1662.22,12476.182,643.83996,11135.877,664.16496,1534.8,689.61024,2073.4062,0.0,908.0,1057.9374,0.0,1083.8035,104.43164,1006.9444,11830.906,1085.1519,0.0,1.7939815,931.0156,1136.9021,409.00214,737.8,12795.75,736.04876,16034.281,7.934259933333333,9.766544207260834,0.0,0
2022-08-26 19:00:00,1656.25,34293.88,1.1692528,431.578,1348.004,23691.0,1662.22,12476.182,705.59996,6537.21,712.8809,0.0,723.4651,1473.8906,0.0,908.0,1020.0624,0.0,1032.8957,104.43164,942.7083,11513.11,1025.6793,1.083313,1.8518519,1089.0312,1085.9029,327.1183,757.981,12099.5,741.42754,9326.396,8.067665683333333,8.9754933481975,0.0,0
2022-08-26 20:00:00,1656.25,32088.0,1.2500905,431.578,1362.3259,17050.0,1662.22,12476.182,728.32,4548.336,729.3833,0.0,736.9925,1353.7656,0.0,908.0,1111.6874,0.0,1116.2652,104.43164,1027.7778,11163.812,1107.0268,2.6749878,1.7361112,1231.9688,1171.8962,335.37628,787.70995,9665.0,745.66,6559.4033,7.800639612500001,7.6521264682675,0.0,0
2022-08-26 21:00:00,1649.3056,29545.908,1.3302952,431.578,1438.059,18951.0,1662.22,12476.182,733.76,4001.9722,736.6172,0.0,740.8265,1248.0312,0.0,908.0,1197.3124,0.0,1204.1558,104.43164,1119.7917,11006.13,1197.3586,0.0,1.7361112,1078.125,1254.0917,348.53162,908.79595,8497.0,742.7838,5579.34,7.092630162500001,7.1437593486725,0.0,0
2022-08-26 22:00:00,1644.0972,26148.54,284.9197,431.578,1522.906,17080.0,1662.22,12476.182,735.83996,3201.336,739.669,0.0,739.45206,1008.1406,0.0,908.0,1327.5623,0.0,1324.9601,104.43164,1248.2638,10497.018,1320.6005,0.0,1.7361112,992.0469,1371.2813,471.84174,921.816,4537.25,747.70373,4847.326,6.789849433333332,7.046318043324999,0.0,0
2022-08-26 23:00:00,1656.25,2768.7886,1.4494718,431.578,1550.465,18671.0,1662.22,12476.182,738.72,2669.5615,740.5733,0.0,742.852,1006.9531,0.0,908.0,1270.9374,0.0,1271.611,104.43164,1201.3888,10552.024,1271.1866,0.0,1.6203703,639.8125,1347.6806,486.96606,960.65897,7120.75,744.265,3834.8086,4.6678555825,6.638298237274999,0.0,0
2022-08-27 00:00:00,1652.7777,2706.5098,1.4499241,431.578,1515.962,14469.0,1662.22,12476.182,741.27996,2400.876,742.8339,0.0,742.852,1006.9531,0.0,908.0,1251.2498,0.0,1254.7019,104.43164,1177.0833,11305.228,1251.2647,0.0,1.6782407,613.9219,1345.5105,414.21875,824.166,0.0,743.8388,3055.7085,4.130507531666666,6.504522485368332,0.0,0
2022-08-27 01:00:00,1652.7777,2655.1887,1.3902452,431.578,1450.2109,13080.0,1662.22,12476.182,737.28,2273.5996,739.2169,0.0,742.852,1006.9531,0.0,908.0,1207.6876,0.0,1209.9428,104.43164,1131.9444,11408.771,1206.3429,0.0,1.6782407,1222.0938,1289.0859,2399.5122,671.83197,0.0,745.87876,4337.366,3.8923390416666663,6.839030529887501,0.0,0
2022-08-27 02:00:00,1652.7777,2630.2231,1.3697194,431.578,1431.1149,13211.0,1662.22,12476.182,745.75996,1742.4294,749.2766,0.0,742.852,1006.9531,0.0,908.0,1185.0,0.0,1185.1671,104.43164,1102.4306,11447.523,1180.3665,0.0,1.7939815,614.0781,1266.0277,2054.106,536.641,0.0,749.25125,2650.107,3.857411463333334,6.614634694133334,0.0,0
2022-08-27 03:00:00,1652.7777,2615.2837,1.3507307,431.578,1412.019,12889.0,1662.22,12476.182,741.75996,1746.4741,743.6251,0.0,742.852,1006.9531,0.0,908.0,1167.875,0.0,1166.4497,104.43164,1085.0694,11665.451,1161.7142,0.0,1.8518519,1125.6562,1245.4109,2053.5776,560.294,0.0,743.23875,2908.4536,3.8100084208333342,6.574952796666667,0.0,0
2022-08-27 04:00:00,1652.7777,2628.3123,1.3396086,431.578,1410.4999,12887.0,1662.22,12476.182,738.72,1747.5435,740.4603,0.0,742.852,1006.9531,0.0,908.0,1142.9374,1355.7605,1141.7643,104.43164,1059.0278,11559.355,1137.4955,0.0,1.7361112,916.9844,1229.9484,2187.146,677.257,0.0,745.65125,3463.516,3.857912139166667,6.629753445779167,0.0,0
2022-08-27 05:00:00,1651.0416,2621.9114,1.2999132,431.578,1379.252,12606.0,1662.22,12476.182,733.28,3215.33,736.8433,0.0,742.852,1006.9531,0.0,908.0,1093.8125,0.0,1100.0795,104.43164,1015.625,11831.106,1095.5033,2.0396118,1.8518519,634.2031,1186.2736,2321.3447,722.17596,0.0,740.7313,4644.5586,3.8152283141666667,7.147255269013334,0.0,0
2022-08-27 06:00:00,1647.5694,3706.4553,1.1008934,431.578,1173.102,7616.0,1662.22,12476.182,697.6,7056.5654,706.66426,0.0,742.852,1006.9531,0.0,908.0,912.375,0.0,919.6868,104.43164,828.125,12710.605,915.1328,1.9047852,1.7939815,857.90625,1006.9627,1968.0076,790.96496,0.0,728.7813,8408.215,3.3961104775000006,8.370639447150834,961.5807500000001,0
2022-08-27 07:00:00,1647.5694,4023.812,1.0404911,431.578,1232.5599,16588.0,1662.22,12476.182,602.23997,7918.453,606.8587,370.12244,742.852,1006.9531,0.0,908.0,727.875,0.0,735.58664,104.43164,619.7917,13701.99,720.3091,0.0,1.5046297,1319.9688,895.4697,2048.0107,917.04196,0.0,627.92754,7344.745,3.9120288341666667,8.755757858058335,0.0,0
2022-08-27 08:00:00,1631.9444,36973.594,1.1991825,431.578,1542.8699,33853.0,1662.22,12476.182,505.92,7358.463,522.5382,347.05792,536.32337,1783.5469,0.0,908.0,697.9687,459.39685,757.1072,104.43164,619.7917,13308.203,734.27385,0.0,1.6203703,983.0156,992.58524,2287.295,696.136,0.0,578.30876,14126.721,7.987972074166667,9.182008525716666,0.0,0
2022-08-27 09:00:00,1633.6806,36022.336,1.1494503,431.578,1327.1719,17133.0,1662.22,12476.182,689.75997,7498.702,702.7082,0.0,714.8567,1643.9375,0.0,908.0,911.37505,598.1831,947.62737,104.43164,843.75,12244.88,937.1054,0.0,1.6782407,1223.1562,1070.7116,3752.0947,489.33497,0.0,736.7263,11064.801,8.5691244,8.991592228318334,0.0,0
2022-08-27 10:00:00,1633.6806,34795.523,1.0408529,431.578,1212.379,15987.0,1662.22,12476.182,678.24,9402.891,694.0049,814.2029,708.78017,1775.6719,0.0,908.0,945.9374,629.36633,973.036,104.43164,876.73604,12753.322,964.83964,0.0,1.7939815,17.0,1029.4783,3832.4844,479.787,0.0,734.76505,11532.021,7.415309808333333,9.288161637609166,0.0,0
2022-08-27 11:00:00,1631.9444,35045.33,284.9197,431.578,1423.7369,26524.0,1662.22,12476.182,631.99997,11207.717,655.0095,1735.7385,680.1338,2220.8594,0.0,908.0,919.12496,622.35693,965.7118,104.43164,869.7916,12762.238,961.1288,0.0,1.6782407,1086.3438,1078.5786,3771.9102,411.21498,0.0,727.11873,15643.092,8.473347491666665,8.822379998695,0.0,0
2022-08-27 12:00:00,1631.9444,34936.113,1.1801034,431.578,1458.674,25698.0,1662.22,12476.182,674.87997,8633.111,693.7788,705.6449,705.6696,1772.7656,0.0,908.0,963.5937,573.9828,1002.8754,104.43164,904.51396,12744.175,994.7224,0.0,1.7361112,1133.2188,1114.6578,3820.2388,387.56198,0.0,738.895,13525.377,8.3937652,8.040422344463334,0.0,0
2022-08-27 13:00:00,1633.6806,33710.645,561.0685,20936.46,1517.264,25912.0,1496.432,15574.793,708.31996,6930.085,720.3409,0.0,727.7331,1540.1406,0.0,908.0,1060.4377,1945.6604,1093.9308,104.43164,1000.0,12004.172,1084.9566,0.0,1.6782407,1463.0,1194.9544,3809.3237,411.21498,0.0,742.6063,9669.57,10.529544155,6.756381991844166,0.0,0
2022-08-27 14:00:00,1633.6806,33710.645,561.0685,20936.46,1517.264,25912.0,1496.432,15574.793,708.31996,6930.085,720.3409,0.0,727.7331,1540.1406,0.0,908.0,1060.4377,1945.6604,1093.9308,104.43164,1000.0,12004.172,1084.9566,0.0,1.6782407,1463.0,1194.9544,3809.3237,411.21498,0.0,742.6063,9669.57,10.511588699999999,6.6533687234,0.0,0
2022-08-27 15:00:00,1635.4167,28999.543,581.956,19620.564,1542.436,10379.0,1532.671,16102.523,710.07997,7554.046,719.5497,0.0,730.26496,1524.4688,0.0,908.0,1373.3749,583.24817,1382.5594,104.43164,1310.7638,10750.85,1382.0261,0.0,1.6782407,1492.125,1430.1474,2196.1514,544.887,0.0,745.7425,8643.186,10.01506915,6.566248282849999,0.0,0
2022-08-27 16:00:00,1638.8888,28802.256,717.6794,19456.553,1538.9639,10359.0,1533.5389,16100.971,707.68,7689.04,719.6627,0.0,727.51606,1530.7031,0.0,908.0,1373.3749,583.24817,1383.5539,104.43164,1312.5,10815.732,1382.905,0.0,1.6782407,1422.4375,1426.8922,3436.6167,557.03896,0.0,745.7425,8643.186,8.5325227,6.4501872339499995,0.0,0
2022-08-27 17:00:00,1638.8888,28802.256,717.6794,19456.553,1538.9639,10359.0,1533.5389,16100.971,707.68,7689.04,719.6627,0.0,727.51606,1530.7031,0.0,908.0,1373.3749,583.24817,1383.5539,104.43164,1312.5,10815.732,1382.905,0.0,1.6782407,1422.4375,1426.8922,3436.6167,557.03896,0.0,745.7425,8643.186,8.5325227,6.4501872339499995,0.0,0
2022-08-27 18:00:00,1631.9444,32618.342,628.70416,83.37845,1521.8209,19994.0,1508.15,15247.711,636.8,11995.232,659.9828,1514.3384,689.17626,2344.625,0.0,908.0,1244.375,647.3257,1273.1482,104.43164,1201.3888,11322.016,1276.753,1.2522278,1.6782407,969.4219,1338.4573,468.0537,672.7,0.0,739.0688,16102.254,8.307780522249999,7.36623568144,0.0,0
2022-08-27 19:00:00,1633.6806,31761.98,643.08124,0.0,1620.556,20025.0,1608.4039,15755.248,707.68,7642.129,716.95,0.0,726.7927,1755.4062,0.0,908.0,1305.8126,0.0,1332.8269,104.43164,1262.1528,10408.77,1332.7098,0.0,1.6782407,356.40625,1413.3285,435.66553,610.421,0.0,749.77756,10373.662,7.698461051641667,7.513462380121665,0.0,0
2022-08-27 20:00:00,1635.4167,27817.992,732.9607,0.0,1578.241,11820.0,1568.259,16290.201,725.28,5772.8105,731.07874,0.0,736.6308,1404.9219,0.0,908.0,1404.0625,659.38684,1410.3191,104.43164,1343.75,10092.689,1410.9323,0.9584808,1.6782407,644.96875,1462.1575,381.70636,702.429,0.0,748.13,7601.9004,6.826165616666665,6.734810983827501,0.0,0
2022-08-27 21:00:00,1640.625,23098.365,855.3921,0.0,1649.851,12033.0,1641.822,16434.59,732.16,4705.6494,736.7303,0.0,740.6818,1147.5469,0.0,908.0,1485.1875,1167.3728,1489.9813,104.43164,1427.0834,9301.793,1493.7446,0.0,1.7361112,696.625,1540.2839,339.67944,823.515,0.0,748.17127,6529.699,6.336030741666666,6.161023511295,0.0,0
2022-08-27 22:00:00,1640.625,17296.818,901.236,0.0,1782.004,14742.0,1770.286,16470.133,730.08,4969.699,734.80874,0.0,740.4648,1057.5625,0.0,908.0,1572.6249,1288.0688,1581.0366,104.43164,1522.5694,8983.797,1586.2248,0.0,1.7361112,989.0781,1643.0961,455.18036,922.68395,0.0,747.74504,6308.282,6.015999554166666,5.543197478833332,0.0,0
2022-08-27 23:00:00,1649.3056,10236.862,721.1154,0.0,1867.502,15565.0,1855.3499,16538.152,735.2,4307.714,739.2169,0.0,737.78826,1021.3594,0.0,908.0,1645.1876,0.0,1646.2313,104.43164,1592.0138,8051.3926,1652.4357,0.0,1.7361112,704.5469,1716.6109,317.3734,728.252,0.0,748.1463,5373.2637,5.509464891666666,5.312998960375,0.0,0
2022-08-28 00:00:00,1652.7777,3003.539,284.9197,0.0,1835.3859,11223.0,1827.791,17039.418,730.24,4172.451,734.13056,0.0,737.78826,1021.3594,0.0,908.0,1655.5624,0.0,1648.4013,104.43164,1595.4862,8364.579,1655.463,0.0,1.6782407,703.0,1717.696,415.0976,591.542,0.0,744.42625,5546.1787,4.197961904166667,4.854278337533334,0.0,0
2022-08-28 01:00:00,1657.986,2961.0933,453.73758,0.0,1846.6699,11523.0,1837.5559,17255.2,738.4,3902.7393,740.2342,0.0,737.78826,1021.3594,0.0,908.0,1640.6875,0.0,1641.3485,104.43164,1586.8056,8327.082,1647.8457,0.0,1.7939815,1306.5312,1716.6109,369.45966,460.03997,0.0,749.42505,4999.718,4.097187168616667,4.7584036407750006,0.0,0
2022-08-28 02:00:00,1657.986,2905.6074,410.06375,0.0,1844.934,11639.0,1837.122,18281.145,735.35997,3902.753,739.556,0.0,737.78826,1021.3594,0.0,908.0,1641.4375,0.0,1646.6833,104.43164,1593.75,8244.368,1653.2168,0.0,1.7939815,850.28125,1716.3396,305.72632,411.649,0.0,745.21255,5045.216,4.179659321666667,4.3237488215,0.0,0
2022-08-28 03:00:00,1657.986,2742.9746,284.9197,0.0,1865.1149,11651.0,1857.737,18205.863,736.48,3902.3013,736.6172,0.0,737.78826,1021.3594,0.0,908.0,1657.8126,0.0,1660.6988,104.43164,1607.6388,8124.0186,1667.6699,0.0,1.8518519,1307.4688,1731.5309,225.44449,574.61596,0.0,746.65254,4996.838,4.224281943333333,4.680155340341667,0.0,0
2022-08-28 04:00:00,1657.986,2706.0798,851.50397,0.0,1861.2089,11519.0,1852.7459,18116.414,729.91997,4558.3037,733.33937,0.0,737.78826,1021.3594,0.0,908.0,1652.5626,0.0,1652.199,104.43164,1598.9583,8691.094,1658.7832,0.0,1.7361112,947.4219,1721.4938,3547.269,803.55096,0.0,743.1063,6382.1055,4.243520590833333,5.078754557441666,0.0,0
2022-08-28 05:00:00,1656.25,2731.4863,784.23,0.0,1812.3839,11103.0,1802.836,18564.559,717.6,6421.3916,723.61875,0.0,737.78826,1021.3594,0.0,908.0,1604.9376,0.0,1607.0783,104.43164,1552.0833,9145.42,1614.3497,0.0,1.7939815,508.9297,1671.851,3634.5044,794.437,0.0,743.785,7746.6064,4.170027631666667,5.5527320450875,0.0,0
2022-08-28 06:00:00,1652.7777,3216.0476,879.08264,0.0,1758.351,14272.0,1750.322,18603.098,692.64,9182.482,706.0991,0.0,737.78826,1021.3594,0.0,908.0,1488.8124,0.0,1497.9384,104.43164,1444.4444,9937.201,1507.5141,0.0,1.7939815,602.8281,1585.5864,2199.1782,838.92196,0.0,740.355,10652.74,4.442322221666667,6.625232560004167,0.0,0
2022-08-28 07:00:00,1651.0416,3552.1902,750.14087,0.0,1593.8649,7726.0,1588.874,19113.305,680.64,9706.404,695.47427,286.91656,737.78826,1021.3594,0.0,908.0,1331.3749,237.57977,1347.385,104.43164,1288.1944,10837.616,1354.6824,0.0,1.8518519,620.9844,1449.4077,341.46918,824.166,0.0,740.6738,12375.971,4.6696922025,7.4398103389641665,0.0,0
2022-08-28 08:00:00,1635.4167,39514.117,795.0806,7793.903,1666.7769,26081.0,1648.7659,19025.945,696.32,7322.2217,707.34245,0.0,737.78826,1021.3594,0.0,908.0,1146.8749,0.0,1162.0189,104.43164,1081.5972,11299.946,1157.9056,0.0,1.7361112,824.03125,1305.9047,2187.1094,757.764,0.0,739.4863,11077.467,6.008768190333334,7.4841507939083325,0.0,0
2022-08-28 09:00:00,1642.3612,31811.475,872.57227,1050.1829,1710.611,18521.0,1700.195,20499.918,707.52,7681.8057,717.9673,0.0,737.78826,1021.3594,0.0,908.0,1364.6874,0.0,1377.2243,104.43164,1305.5556,10422.38,1374.1161,0.0,1.7939815,785.7031,1467.583,2069.7583,853.027,0.0,745.2338,9461.711,9.363014564166667,7.444307998423334,610.1441,0
2022-08-28 10:00:00,1644.0972,28840.715,793.7243,0.0,1731.877,18796.0,1720.3759,17241.602,682.4,9741.211,699.43035,0.0,714.2056,1785.7656,0.0,908.0,1438.7498,0.0,1456.4345,104.43164,1394.0972,9933.582,1459.858,0.0,1.6782407,839.40625,1534.0446,2152.2744,788.144,0.0,738.2988,11775.088,7.646104610666666,7.793172920956667,576.9596333333333,0
2022-08-28 11:00:00,1642.3612,30959.162,626.1723,57.924915,1642.2559,18347.0,1630.9719,14915.584,625.12,12453.4375,653.87917,1695.2861,682.9551,2196.9688,0.0,908.0,1378.6874,0.0,1404.2606,104.43164,1343.75,10637.166,1411.4206,1.9628601,1.7361112,430.5078,1466.2266,3730.4644,626.262,0.0,739.0938,16875.68,7.231152417675,9.082320146264166,655.1757708333333,0
2022-08-28 12:00:00,1642.3612,31341.398,523.36255,0.0,1606.234,17144.0,1593.431,14966.271,680.48,9281.363,696.03944,578.9523,711.09504,1685.1094,0.0,908.0,1359.0,0.0,1374.15,104.43164,1305.5556,10541.599,1375.8737,0.0,1.7939815,287.125,1439.9132,1885.4011,514.941,0.0,740.7238,13017.441,7.352256977083332,8.556227353226667,0.0,0
2022-08-28 13:00:00,1644.0972,28731.111,508.17163,0.0,1641.822,17719.0,1630.3209,14536.832,715.36,6373.077,722.6015,0.0,729.6139,1289.1094,0.0,908.0,1417.125,0.0,1427.5897,104.43164,1359.375,10262.222,1428.1197,0.0,1.7361112,454.46875,1488.7422,880.38416,496.27897,0.0,743.99626,8581.604,7.0991916475000005,7.380028543991667,0.0,0
2022-08-28 14:00:00,1644.0972,24991.75,418.8347,2904.8235,1721.0269,17904.0,1710.611,14300.488,725.12,5446.0303,729.3833,0.0,736.3415,1194.4688,0.0,908.0,1501.9999,0.0,1509.6933,104.43164,1446.1806,9373.253,1512.2993,0.0,1.7361112,766.9375,1569.0387,1391.2261,449.841,0.0,745.91625,7082.842,6.7939244080500005,6.750301696937501,0.0,0
2022-08-28 15:00:00,1649.3056,21415.291,574.1797,19145.344,1778.5319,17960.0,1764.21,14243.598,711.68,7431.3125,721.0191,0.0,728.5288,1277.4844,0.0,908.0,1548.4376,1369.3044,1559.4256,104.43164,1496.5278,9685.898,1562.5921,0.0,1.7361112,385.71875,1628.4474,234.68576,533.169,0.0,745.79626,8900.191,8.236540575833333,6.762369622316667,0.0,0
2022-08-28 16:00:00,1644.0972,25500.297,581.6847,18937.512,1816.507,19343.0,1803.27,14313.445,676.16,10198.182,692.64853,0.0,720.86084,1519.3281,0.0,908.0,1558.0626,0.0,1576.9675,104.43164,1519.0971,9436.834,1582.2209,0.0,1.8518519,795.7969,1654.4895,272.38013,566.587,0.0,740.6738,12446.654,8.155766224999999,6.9362970284708325,0.0,0
2022-08-28 17:00:00,1652.7777,26180.625,561.611,19294.176,1798.062,18282.0,1784.3909,14933.521,638.24,12945.791,659.3046,1583.7253,720.86084,1519.3281,0.0,908.0,1540.4999,0.0,1570.1859,104.43164,1515.625,9741.79,1579.8771,0.0,1.6782407,434.85938,1645.8088,393.2849,538.81097,0.0,741.5725,16589.695,8.511727425,7.833481684060001,0.0,0
2022-08-28 18:00:00,1652.7777,30506.156,524.538,19738.475,1781.1359,18217.0,1767.8989,16838.46,638.24,11199.609,670.4946,1063.7246,720.86084,1519.3281,0.0,908.0,1521.8749,0.0,1541.9741,104.43164,1486.111,9461.456,1550.7758,0.0,1.7939815,723.28125,1612.4424,264.1844,502.572,0.0,739.71874,15881.326,9.111915016666666,8.347663399735,0.0,0
2022-08-28 19:00:00,1659.7221,26672.932,284.9197,19332.39,1835.169,18190.0,1823.017,17146.281,638.24,7642.833,715.4806,0.0,720.86084,1519.3281,0.0,908.0,1575.8126,1435.2676,1588.0896,104.43164,1529.514,8902.613,1592.9631,0.0,1.7361112,627.3594,1660.4575,297.8606,540.764,0.0,746.02,10346.854,9.218768543333333,7.6090203658233335,0.0,0
2022-08-28 20:00:00,1668.4029,19771.363,641.7249,18031.887,1767.031,7617.0,1760.304,17888.715,638.24,7021.963,725.9924,0.0,720.86084,1519.3281,0.0,908.0,1624.1875,0.0,1627.1521,104.43164,1571.1806,8632.005,1594.428,0.0,1.7361112,1304.6875,1679.4466,256.9624,605.43,0.0,743.49123,8363.217,7.6931850125,6.548820247545834,0.0,0
2022-08-28 21:00:00,1675.3473,15593.079,793.99554,14585.924,1789.1649,7708.0,1781.57,17827.758,638.24,6354.995,722.37545,0.0,720.86084,1519.3281,0.0,908.0,1645.375,0.0,1652.7416,104.43164,1598.9583,8289.033,1594.428,0.0,1.7361112,753.96875,1704.9462,375.8894,765.576,0.0,744.85254,8481.094,6.768854941666667,5.728442817454166,0.0,0
2022-08-28 22:00:00,1677.0834,16112.201,902.14026,10712.295,1790.901,7830.0,1784.3909,17900.812,638.24,4999.244,732.7742,0.0,720.86084,1519.3281,0.0,908.0,1655.4375,0.0,1655.9064,104.43164,1602.4306,7949.5225,1594.428,0.0,1.6782407,1475.625,1703.5898,496.73383,887.96395,0.0,747.9725,6412.407,6.306644752500001,5.758770552866666,0.0,0
2022-08-28 23:00:00,1682.2917,10169.671,752.4014,0.0,1799.5809,6759.0,1793.7219,17972.863,638.24,4320.01,736.1651,0.0,720.86084,1519.3281,0.0,908.0,1675.5624,0.0,1676.6131,104.43164,1623.264,8045.907,1594.428,0.0,1.7939815,1213.5938,1722.8502,420.8443,762.972,0.0,744.78626,5309.5684,4.732385097383333,5.278641985425,0.0,0
2022-08-29 00:00:00,1682.2917,8284.943,617.1301,0.0,1817.375,6934.0,1809.997,18079.426,638.24,4057.934,738.53874,0.0,720.86084,1519.3281,0.0,908.0,1685.1876,0.0,1682.4001,104.43164,1630.2084,7569.039,1594.428,0.0,1.8518519,1236.6562,1732.0734,418.91187,637.11196,0.0,747.24007,5261.622,4.252104466666667,4.8271531116708335,0.0,0
2022-08-29 01:00:00,1673.6112,9429.567,490.3585,0.0,1817.809,7050.0,1810.8649,18056.39,638.24,4326.4756,737.1824,0.0,720.86084,1519.3281,0.0,908.0,1673.625,0.0,1673.991,104.43164,1619.7917,8037.5938,1594.428,0.0,1.7939815,1501.4375,1726.9193,500.83423,500.185,0.0,747.96003,5631.0312,4.236558088108334,5.100688900779167,0.0,0
2022-08-29 02:00:00,1677.0834,6328.404,415.2178,0.0,1827.791,7095.0,1821.281,17945.336,638.24,4060.5513,738.7648,0.0,720.86084,1519.3281,0.0,908.0,1682.1876,0.0,1683.3948,104.43164,1630.2084,8099.099,1594.428,0.0,1.7939815,1021.4531,1739.1264,510.64984,419.895,0.0,749.29255,4969.5117,4.22613016,4.649985448208333,0.0,0
2022-08-29 03:00:00,1677.0834,2801.9805,754.7524,16051.393,1831.697,6887.0,1826.2719,17957.047,638.24,4189.5654,734.13056,0.0,720.86084,1519.3281,0.0,908.0,1674.375,0.0,1676.8844,104.43164,1631.9444,7977.7607,1594.428,0.0,1.7361112,1405.25,1738.0414,313.9853,685.06896,0.0,744.49253,5039.164,5.272986406666669,4.551692694016666,0.0,0
2022-08-29 04:00:00,1675.3473,2777.119,923.3894,9891.602,1818.46,6723.0,1811.5159,18119.383,638.24,4586.8984,734.35664,0.0,720.86084,1519.3281,0.0,908.0,1657.2499,0.0,1660.6988,104.43164,1631.9444,7977.7607,1594.428,0.0,1.6782407,1139.9375,1725.2916,440.34912,902.937,0.0,744.9725,5405.2344,4.932586116666666,4.594688037929167,0.0,0
2022-08-29 05:00:00,1675.3473,2792.278,937.76654,8704.597,1780.702,6912.0,1772.89,18595.059,638.24,7501.879,717.85426,0.0,720.86084,1519.3281,0.0,908.0,1607.8124,0.0,1609.6102,104.43164,1631.9444,7977.7607,1594.428,0.0,1.8518519,655.0625,1679.4466,376.875,938.742,0.0,740.54503,8133.6797,4.567681059166667,5.155072863141666,0.0,0
2022-08-29 06:00:00,1668.4029,3632.3687,801.591,14454.087,1853.1799,19845.0,1840.377,18440.602,638.24,11853.738,679.7631,716.75806,720.86084,1519.3281,0.0,908.0,1476.0625,0.0,1488.8058,104.43164,1631.9444,7977.7607,1594.428,0.0,1.7939815,723.7656,1618.4103,425.2553,795.739,0.0,741.95254,14111.998,5.922729075833331,6.8956889626708335,23.33913345454545,0
2022-08-29 07:00:00,1670.139,4302.343,284.9197,11202.728,1814.554,22982.0,1797.194,17213.27,638.24,11221.367,684.73643,450.38892,720.86084,1519.3281,0.0,908.0,1348.8126,0.0,1367.0065,104.43164,1631.9444,7977.7607,1594.428,0.0,1.6782407,741.7656,1527.8054,579.35364,555.73696,0.0,741.67126,13748.773,6.412469464999999,7.587606970133334,0.0,0
2022-08-29 08:00:00,1652.7777,34254.39,456.2694,11820.18,1685.2219,22645.0,1668.7299,15826.105,638.24,10553.959,683.9452,0.0,720.86084,1519.3281,0.0,908.0,1268.125,0.0,1297.8334,104.43164,1222.2222,11090.494,1594.428,0.0,1.7939815,1211.2188,1423.0943,511.71124,438.33998,0.0,740.2188,14236.15,7.383437096666668,7.834533907408333,0.0,0
2022-08-29 09:00:00,1656.25,31756.621,566.13214,8278.703,1652.0209,20645.0,1636.8309,15062.639,638.24,10936.973,684.05825,401.53516,720.86084,1519.3281,0.0,908.0,1339.1874,0.0,1362.9377,104.43164,1295.1388,10783.133,1366.4012,1.0287781,1.5625,740.3594,1454.2906,423.68744,516.894,0.0,738.89875,14116.654,8.909104120833332,8.219969291999167,0.0,0
2022-08-29 10:00:00,1656.25,31829.287,571.55743,12108.635,1630.3209,20362.0,1619.0369,14348.48,638.24,12317.996,668.79916,893.5697,720.86084,1519.3281,0.0,908.0,1346.25,0.0,1370.9853,104.43164,1303.8194,11066.136,1375.776,0.0,1.7361112,1638.0938,1450.7641,486.83563,528.395,0.0,738.5763,15250.266,8.407241636666667,8.568198457601666,7.33472789090909,0
2022-08-29 11:00:00,1651.0416,33614.973,577.9774,13222.663,1522.906,12840.0,1513.7919,14706.527,638.24,13247.17,650.1492,1677.154,720.86084,1519.3281,0.0,908.0,1272.1875,0.0,1306.3333,104.43164,1241.3194,11073.816,1313.3739,1.9884033,1.7361112,1233.8125,1387.0151,532.0841,535.55596,0.0,738.67625,17469.355,8.9012260625,9.454690039725001,12.863688000000002,0
2022-08-29 12:00:00,1649.3056,34869.395,622.1938,12648.871,1442.3989,17134.0,1430.247,14484.773,638.24,9367.607,697.8479,473.4496,720.86084,1519.3281,0.0,908.0,1207.4375,756.73926,1231.6443,104.43164,1161.4584,11068.018,1234.2725,0.0,1.7361112,1038.8438,1293.6975,528.30505,568.54,0.0,738.66755,12994.984,8.447314287500001,8.966076934618332,12.155090249999995,0
2022-08-29 13:00:00,1651.0416,34097.117,484.75232,13856.909,1461.929,16271.0,1449.126,13856.283,638.24,6947.4287,712.8809,0.0,720.86084,1519.3281,0.0,908.0,1244.375,0.0,1260.9411,104.43164,1187.5,10850.697,1258.8819,1.9250183,1.7361112,1016.6719,1321.6385,435.09918,477.617,0.0,741.2863,10394.873,8.764378156666666,8.109181388473333,0.0,0
2022-08-29 14:00:00,1651.0416,32623.998,497.86353,17021.105,1491.007,17220.0,1477.119,13539.137,638.24,6946.546,725.42727,0.0,720.86084,1519.3281,0.0,908.0,1302.0625,0.0,1310.2214,104.43164,1236.1112,10784.048,1302.0458,0.0,1.7361112,924.9219,1360.1592,370.94507,474.362,0.0,744.82,8162.912,8.886086955,7.704349909693333,0.0,0
2022-08-29 15:00:00,1651.0416,32168.955,545.0638,23595.3,1539.6149,17655.0,1525.7269,13271.936,638.24,8905.322,704.2906,0.0,720.86084,1519.3281,0.0,908.0,1323.25,1312.5779,1337.8906,104.43164,1267.3612,10796.732,1302.0458,0.0,1.7939815,949.9844,1399.4936,548.31934,492.80697,0.0,741.08756,10609.754,9.130202774166667,7.829111304775,0.0,0
2022-08-29 16:00:00,1652.7777,30127.451,575.6264,23260.678,1569.3439,17724.0,1553.937,13594.73,638.24,11797.092,681.45853,670.0731,720.86084,1519.3281,0.0,908.0,1335.125,0.0,1352.72,104.43164,1284.7222,10822.469,1302.0458,0.0,1.5625,1188.5312,1418.4827,657.3108,535.339,0.0,738.3238,14346.066,9.444599555,7.865205805795833,0.0,0
2022-08-29 17:00:00,1649.3056,31971.207,541.89905,23897.908,1469.5239,8750.0,1460.41,14780.908,638.24,14113.793,634.21196,2189.3809,720.86084,1519.3281,0.0,908.0,1266.1874,0.0,1305.5193,104.43164,1241.3194,11504.494,1302.0458,0.0,1.7939815,1537.7188,1374.5366,513.43274,514.72396,0.0,739.11506,18784.352,9.519091245833335,8.777761531566666,0.0,0
2022-08-29 18:00:00,1644.0972,34858.35,284.9197,24519.652,1315.02,8920.0,1311.114,15213.004,638.24,12678.713,645.1759,1582.925,720.86084,1519.3281,0.0,908.0,1126.6251,0.0,1168.0772,104.43164,1098.9584,11432.163,1302.0458,0.0,1.7361112,661.3906,1225.3368,459.49805,469.80497,0.0,739.43377,17987.441,9.215840233333335,9.124812940766667,0.0,0
2022-08-29 19:00:00,1644.0972,35544.42,566.49384,23449.145,1290.0649,8993.0,1282.036,14909.234,638.24,7119.9883,710.9594,0.0,720.86084,1519.3281,0.0,908.0,1128.5625,0.0,1147.1896,104.43164,1067.7084,10742.567,1302.0458,0.0,1.5046297,283.125,1195.2256,344.3219,519.932,0.0,739.9626,10844.486,9.264581386666665,7.8979112993375,0.0,0
2022-08-29 20:00:00,1647.5694,32623.732,638.3793,22195.512,1369.704,9268.0,1361.892,14642.143,638.24,4976.077,733.33937,0.0,720.86084,1519.3281,0.0,908.0,1227.9999,0.0,1236.7079,104.43164,1157.986,10087.621,1302.0458,0.0,1.7939815,519.9844,1278.7775,322.06726,574.61596,0.0,745.92876,6501.5557,8.979983294166665,6.6958130784,0.0,0
2022-08-29 21:00:00,1651.0416,29621.451,628.6137,189.43034,1466.0519,8900.0,1458.2399,15534.387,638.24,3635.249,738.87783,0.0,720.86084,1519.3281,0.0,908.0,1342.6249,0.0,1342.05,104.43164,1269.0972,9565.083,1302.0458,0.0,1.7939815,426.82812,1378.6056,326.38538,650.566,0.0,748.1838,5231.412,8.110585948333334,6.184631533129166,0.0,0
2022-08-29 22:00:00,1652.7777,25017.61,401.2024,0.0,1642.69,13192.0,1632.2739,15669.967,638.24,4163.8203,735.713,0.0,720.86084,1519.3281,0.0,908.0,1450.1874,0.0,1458.695,104.43164,1390.625,9101.082,1302.0458,0.0,1.7361112,812.9844,1509.3589,519.31274,401.44998,0.0,743.185,6446.0957,6.378007439475,5.708375022750001,0.0,0
2022-08-29 23:00:00,1661.4583,17372.201,405.81393,0.0,1829.5269,20556.0,1815.4219,15613.592,638.24,4158.1553,735.713,0.0,720.86084,1519.3281,0.0,908.0,1592.3126,0.0,1589.265,104.43164,1527.7779,8564.391,1302.0458,0.0,1.5046297,507.23438,1643.0961,568.86597,448.75598,5426.5,745.585,4890.038,6.3572126075,4.915081930925001,0.0,0
2022-08-30 00:00:00,1666.6667,10888.847,400.3886,0.0,1849.057,15530.0,1836.905,16510.3,638.24,4290.2803,735.713,0.0,720.86084,1519.3281,0.0,908.0,1654.3751,0.0,1649.5769,104.43164,1595.4862,7999.9097,1302.0458,0.0,1.7361112,799.71875,1703.0473,474.9295,476.53198,7997.75,745.87876,5342.8457,5.381768075833333,4.7546607649583335,0.0,0
2022-08-30 01:00:00,1670.139,2789.4946,345.59286,42.982086,1791.986,8074.0,1786.9949,17077.777,638.24,4691.873,735.713,0.0,720.86084,1519.3281,0.0,908.0,1629.4374,0.0,1626.9712,104.43164,1574.6529,8154.558,1302.0458,0.0,1.7361112,461.3047,1690.2975,486.1593,350.455,0.0,745.585,5611.58,3.70639564905,4.533882754545833,0.0,0
2022-08-30 02:00:00,1668.4029,2787.4436,361.86884,15958.289,1768.767,8186.0,1761.3889,17081.703,638.24,4307.54,735.713,0.0,720.86084,1519.3281,0.0,908.0,1604.8124,712.2206,1602.105,104.43164,1548.6112,8116.372,1302.0458,0.0,1.7361112,363.10938,1669.1383,493.86975,309.876,0.0,742.70505,5459.5986,3.7851687191666663,4.291494846529167,0.0,0
2022-08-30 03:00:00,1668.4029,2778.6855,361.05502,7693.3203,1751.624,7779.0,1744.6799,17212.887,638.24,4172.7686,735.713,0.0,720.86084,1519.3281,0.0,908.0,1592.9375,0.0,1588.9938,104.43164,1536.4584,8094.671,1302.0458,0.0,1.7939815,674.90625,1654.2183,309.96124,355.88,0.0,744.57127,5255.253,4.657012121666668,4.2203049749875,0.0,0
2022-08-30 04:00:00,1668.4029,2784.205,404.63843,9111.01,1734.2639,7811.0,1727.5369,17864.977,638.24,4438.6836,735.713,0.0,720.86084,1519.3281,0.0,908.0,1570.5626,0.0,1569.3722,104.43164,1515.625,8232.939,1302.0458,0.0,1.8518519,795.4375,1631.4315,549.00073,405.356,0.0,745.105,5451.5195,4.512178716666667,4.287229153366666,516.2833745454545,0
2022-08-30 05:00:00,1666.6667,2765.201,440.98807,10530.687,1639.869,7800.0,1633.142,16000.586,638.24,7488.535,735.713,0.0,720.86084,1519.3281,0.0,908.0,1484.6251,0.0,1492.6034,104.43164,1440.9722,9073.446,1302.0458,0.0,1.6203703,937.125,1549.2359,2292.668,436.38697,0.0,741.87756,8433.293,4.627840269166667,4.9496771131249995,378.02115999999995,0
2022-08-30 06:00:00,1661.4583,4011.0447,284.9197,14373.777,1577.59,15552.0,1565.004,14940.711,638.24,11051.902,735.713,0.0,720.86084,1519.3281,0.0,908.0,1298.1875,0.0,1315.6468,104.43164,1262.1528,9973.055,1302.0458,0.0,1.7361112,430.39844,1414.9561,362.5653,422.28198,0.0,741.32377,13574.033,5.6913169974999995,7.038571401741666,97.8285154,0
2022-08-30 07:00:00,1661.4583,4285.817,365.48572,14611.76,1535.492,15152.0,1530.2839,14104.805,638.24,9587.752,698.75216,403.12775,720.86084,1519.3281,0.0,908.0,1084.25,5113.7803,1107.7656,104.43164,1050.3472,11051.674,1123.6284,0.0,1.6782407,797.4531,1252.1927,525.5255,368.03198,0.0,736.4875,11686.832,6.127410470833334,7.5682144766,0.0,0
2022-08-30 08:00:00,1647.5694,37386.08,576.44025,23082.445,1095.199,7048.0,1093.246,15353.877,638.24,8904.521,687.90126,0.0,701.9803,2048.2031,0.0,908.0,935.75,637.697,962.36616,104.43164,871.5278,12093.293,957.80843,0.0,1.8518519,881.1406,1010.4892,786.66846,443.98198,0.0,726.56375,11959.758,7.798498504166666,8.095495771112502,0.0,0
2022-08-30 09:00:00,1644.0972,37718.42,691.5474,18200.514,1017.73,6377.0,1014.692,15855.414,638.24,7750.7803,696.94364,0.0,706.393,2073.6094,0.0,908.0,884.2187,728.7584,905.4,104.43164,807.2916,12416.404,896.8711,0.0,1.8518519,716.59375,941.31476,523.772,594.14595,0.0,723.2863,10300.732,8.8155246125,8.40283635525,0.0,0
2022-08-30 10:00:00,1642.3612,38454.49,546.7818,20639.926,983.661,7902.0,978.66994,16046.064,638.24,9286.184,675.3549,823.7423,689.8273,1736.2188,0.0,908.0,842.74995,0.0,858.3803,104.43164,756.9444,12760.669,848.4337,0.0,1.6782407,1305.8125,893.2996,661.0226,521.234,0.0,713.4838,10861.359,8.942787831666669,8.48744836995,0.0,0
2022-08-30 11:00:00,1640.625,39350.527,284.9197,21402.893,940.044,7758.0,936.355,16093.801,638.24,10701.498,573.51476,1596.0771,596.50964,2026.1875,0.0,908.0,747.875,0.0,779.17033,104.43164,670.1389,12944.375,767.9652,0.0,1.8518519,846.7969,830.9069,421.7801,471.10698,0.0,633.3525,12868.264,9.296105211666667,9.103188133260833,0.0,0
2022-08-30 12:00:00,1638.8888,39414.88,457.80658,21675.814,908.14495,7581.0,907.05997,15908.238,564.31997,7470.8535,576.00147,0.0,572.42066,1648.7969,0.0,908.0,713.4688,0.0,743.0917,104.43164,626.7361,12872.401,764.8402,0.0,1.6203703,320.28125,793.74266,355.51038,429.009,0.0,614.9463,11516.49,9.36011023333333,8.378387162854168,0.0,0
2022-08-30 13:00:00,1635.4167,38662.35,502.7463,21186.502,921.599,7551.0,917.259,15968.307,625.44,5609.6484,637.60287,0.0,572.42066,1648.7969,0.0,908.0,744.5625,1028.6794,763.25595,104.43164,642.3611,12955.107,743.7465,0.0,1.7361112,888.5625,810.019,473.05548,463.94598,0.0,654.69503,8331.824,9.251737009166666,7.587499727749999,0.0,0
2022-08-30 14:00:00,1638.8888,38422.688,525.4422,21015.041,927.89197,8007.0,923.552,16027.357,662.56,5059.5303,668.68615,0.0,572.42066,1648.7969,0.0,908.0,771.0,1295.261,785.4999,104.43164,671.875,12563.115,768.74644,0.0,1.7361112,979.6094,816.5295,2452.3784,499.317,0.0,685.69255,7148.467,9.167331185833334,7.635495995184167,0.0,0
2022-08-30 15:00:00,1640.625,38128.02,543.1649,20714.457,952.19594,6337.0,947.42197,15876.379,679.68,6089.1846,685.64063,0.0,572.42066,1648.7969,0.0,908.0,800.96877,0.0,815.7914,104.43164,696.1805,13153.579,796.18776,0.0,1.8518519,777.8906,854.5076,566.62427,503.657,0.0,705.81126,7953.0703,9.168269249166665,7.646446217345834,450.13281125,0
2022-08-30 16:00:00,1635.4167,44085.07,565.3183,20234.45,980.18897,6749.0,975.415,15928.094,660.64,8319.535,676.71126,0.0,572.42066,1648.7969,0.0,908.0,827.18754,1321.1853,852.32204,104.43164,741.3194,12761.98,837.3986,0.5028534,1.7361112,1098.1875,889.50175,539.0005,524.27197,0.0,710.10256,10518.414,9.52687405,7.694326599755832,428.41081166666663,0
2022-08-30 17:00:00,1635.4167,43723.152,540.90436,20619.81,965.867,6111.0,962.829,16076.951,601.6,11846.518,629.3517,1794.0566,572.42066,1648.7969,0.0,908.0,817.28125,0.0,854.4922,104.43164,750.0,12731.739,850.28917,2.1565552,1.6782407,1325.0312,887.8741,538.75635,509.299,0.0,692.20257,14229.609,9.567779720833332,8.434535112374999,350.09765666666664,0
2022-08-30 18:00:00,1633.6806,44814.8,469.29016,21403.113,932.23196,5738.0,929.411,16057.789,537.92,10891.129,607.53685,1995.888,572.42066,1648.7969,0.0,908.0,759.96876,584.0521,807.1108,104.43164,701.3889,12819.336,850.28917,2.1565552,1.8518519,710.8906,846.36945,516.34753,448.75598,0.0,639.67127,15157.363,9.659704375,8.871482461053333,0.0,0
2022-08-30 19:00:00,1633.6806,43837.57,500.48575,21232.707,959.574,5523.0,956.536,16123.039,647.04,6143.5586,607.53685,1995.888,572.42066,1648.7969,0.0,908.0,802.7812,579.98083,835.50346,104.43164,723.9584,12508.2295,850.28917,2.1565552,1.7939815,413.58594,873.768,387.55902,453.52998,0.0,682.87504,11160.17,9.6724986775,7.82076479272,0.0,0
2022-08-30 20:00:00,1638.8888,41593.312,548.95197,20759.852,1105.181,10080.0,1097.369,15638.016,730.56,4419.6494,607.53685,1995.888,572.42066,1648.7969,0.0,908.0,968.5625,0.0,977.73796,104.43164,868.0556,11560.302,850.28917,2.1565552,1.8518519,347.35156,1003.7074,398.3723,509.299,0.0,745.0063,5922.633,9.376056125833333,6.8605230030866675,0.0,0
2022-08-30 21:00:00,1642.3612,36527.457,625.7202,19550.266,1331.7289,10971.0,1322.181,15185.529,736.64,4155.249,607.53685,1995.888,572.42066,1648.7969,0.0,908.0,1171.9375,0.0,1183.7204,104.43164,1093.75,10529.834,850.28917,2.1565552,1.7361112,725.75,1221.2677,291.66895,557.68996,0.0,746.6488,5195.495,9.343380830000003,6.246205680911667,0.0,0
2022-08-30 22:00:00,1647.5694,30028.414,284.9197,54.285366,1470.8259,7718.0,1462.1459,14916.424,734.55995,4419.325,607.53685,1995.888,572.42066,1648.7969,0.0,908.0,1358.6874,0.0,1360.5868,104.43164,1284.7222,9895.93,850.28917,2.1565552,1.6782407,711.40625,1392.7119,523.6233,432.264,0.0,747.29,5517.9688,6.982251652716668,5.831402617686667,0.0,0
2022-08-30 23:00:00,1644.0972,23427.354,366.02823,0.0,1569.3439,5315.0,1560.8809,15221.0625,737.28,4162.009,607.53685,1995.888,572.42066,1648.7969,0.0,908.0,1482.9376,0.0,1483.6515,104.43164,1418.4028,9002.013,850.28917,2.1565552,1.8518519,694.1094,1514.7843,446.07513,371.721,0.0,746.2513,4960.668,5.567610749808333,4.855532946186667,0.0,0
2022-08-31 00:00:00,1644.0972,17620.613,321.54062,0.0,1680.882,7449.0,1671.9849,15990.26,734.07996,4555.702,607.53685,1995.888,572.42066,1648.7969,0.0,908.0,1575.9375,0.0,1571.8136,104.43164,1512.1527,8309.193,850.28917,2.1565552,1.6203703,482.96875,1606.7456,2545.4429,333.529,0.0,748.5725,5240.1045,5.232260945000001,4.738226783594999,0.0,0
2022-08-31 01:00:00,1642.3612,14016.2705,327.1468,0.0,1716.9039,7830.0,1709.96,17020.066,730.39997,4688.7754,607.53685,1995.888,572.42066,1648.7969,0.0,908.0,1609.0,0.0,1603.1902,104.43164,1548.6112,8095.311,850.28917,2.1565552,1.7939815,699.90625,1638.2133,481.91046,470.23898,13615.75,742.44004,5618.461,4.780625261666667,4.6094527486325,0.0,0
2022-08-31 02:00:00,1647.5694,8667.405,328.23184,0.0,1745.3309,7961.0,1737.5189,18508.582,735.2,4167.448,607.53685,1995.888,572.42066,1648.7969,0.0,908.0,1598.9375,0.0,1597.9456,104.43164,1543.4028,7955.818,850.28917,2.1565552,1.8518519,290.64062,1649.6067,452.69147,337.869,0.0,742.26624,5063.1504,4.4573478,4.564874583403332,0.0,0
2022-08-31 03:00:00,1647.5694,7714.9204,270.18094,0.0,1753.577,6160.0,1748.369,19171.375,734.55995,4429.3223,607.53685,1995.888,572.42066,1648.7969,0.0,908.0,1613.8124,0.0,1616.3014,104.43164,1562.5,7803.7036,850.28917,2.1565552,1.6782407,484.07812,1668.0532,303.80957,266.91,0.0,746.5325,5362.0527,4.2821455375,4.575104598128333,0.0,0
2022-08-31 04:00:00,1642.3612,9079.451,284.9197,17147.887,1663.739,0.0,1659.616,19943.973,729.11996,4962.383,607.53685,1995.888,572.42066,1648.7969,0.0,908.0,1582.875,0.0,1579.2282,104.43164,1527.7779,8136.1997,850.28917,2.1565552,1.8518519,652.8125,1618.139,2263.8936,376.929,0.0,742.87874,5834.885,5.336133495833334,4.906472166078333,0.0,0
2022-08-31 05:00:00,1638.8888,11945.4,434.02557,13240.402,1569.127,0.0,1565.221,20625.559,696.15996,9059.084,607.53685,1995.888,572.42066,1648.7969,0.0,908.0,1488.375,0.0,1486.9974,104.43164,1435.7638,9044.928,850.28917,2.1565552,1.7939815,458.20312,1524.5502,2114.0469,425.971,0.0,742.0763,9757.535,5.2509269466666675,5.7159886412325,0.0,0
2022-08-31 06:00:00,1623.264,16541.926,366.48035,12334.792,1427.8599,0.0,1429.379,29729.805,650.24,11676.473,674.4507,1282.2437,572.42066,1648.7969,0.0,908.0,1257.6251,596.4971,1274.6853,104.43164,1218.75,10617.392,1290.913,1.1184387,1.7361112,547.75,1331.6755,2046.8997,369.33398,0.0,741.4438,15196.449,5.840193188333333,7.661461518875,0.0,0
2022-08-31 07:00:00,1630.2084,3228.0105,284.9197,10330.357,1494.0449,16816.0,1486.0159,23374.43,696.0,8238.551,706.7773,0.0,717.75025,1600.1562,0.0,908.0,1046.6876,594.0349,1052.3366,104.43164,980.9028,11499.18,1053.2184,0.0,1.7361112,935.21875,1193.8692,442.39185,419.895,0.0,736.24253,10146.441,6.58673395,7.310998209558333,0.0,0
2022-08-31 08:00:00,1631.9444,20150.582,402.55872,20577.193,1805.6569,31963.0,1782.221,18181.816,702.56,6235.374,711.97665,0.0,719.77574,1508.8125,0.0,908.0,1053.5624,586.3253,1077.0218,104.43164,970.48604,13768.429,1063.1793,0.0,1.8518519,1538.9062,1311.6014,2031.1582,384.08998,0.0,739.72625,10381.82,9.762135950000001,7.259850788504166,0.0,0
2022-08-31 09:00:00,1635.4167,19249.703,595.1576,18404.102,1887.0319,38078.0,1853.8309,14771.775,707.68,7349.2676,714.0112,0.0,725.63523,1757.8906,0.0,908.0,1174.9375,637.376,1189.7787,104.43164,1090.2778,13429.714,1182.7103,0.0,1.7361112,1479.125,1390.8129,1354.988,499.1,0.0,738.9525,9090.436,9.982968644166663,7.816179007583334,0.0,0
2022-08-31 10:00:00,1635.4167,18361.324,727.9875,15972.858,1820.1959,32081.0,1793.7219,15148.25,689.75997,8107.925,702.7082,685.4636,717.0992,1584.125,0.0,908.0,1243.7501,581.83826,1264.1059,104.43164,1175.3472,13230.702,1259.2726,0.0,1.4467592,1041.0938,1415.2274,3805.7402,622.139,0.0,738.32,10877.531,9.281251569166665,8.227575869275,0.0,0
2022-08-31 11:00:00,1638.8888,19477.87,750.77386,15402.23,1757.049,29762.0,1734.9149,15314.842,677.59997,8731.148,693.10063,1391.3599,706.82704,2006.2188,0.0,908.0,1202.75,1367.8264,1220.5223,104.43164,1142.3612,12620.813,1221.5773,0.0,1.5625,1272.4062,1378.3344,3315.2002,697.872,0.0,737.1125,12915.484,8.934934553333333,9.153367979822502,0.0,0
2022-08-31 12:00:00,1640.625,19420.506,811.71826,13811.366,1739.4719,28785.0,1716.47,14948.537,720.8,5103.5127,725.2012,0.0,730.4819,1357.8906,0.0,908.0,1208.4374,685.3578,1219.6181,104.43164,1130.2083,12671.112,1213.2765,0.0,1.5625,1177.2188,1368.8399,3273.854,757.764,0.0,741.4238,7845.4336,8.6757180175,8.39758335616,809.25001,0
2022-08-31 13:00:00,1642.3612,18562.158,787.3948,14354.206,1740.991,30550.0,1714.2999,12032.945,728.48,3637.2334,734.5827,0.0,737.35416,1273.5156,0.0,908.0,1266.5625,1423.4392,1273.8715,104.43164,1184.0278,12588.115,1264.0576,0.0,1.7939815,639.25,1401.9351,2434.1997,771.869,0.0,741.4813,5246.9385,8.059595231666668,7.434686546266667,0.0,0
2022-08-31 14:00:00,1649.3056,17988.014,753.9386,15296.384,1848.189,31314.0,1822.7999,12632.148,732.96,3764.8623,739.7821,0.0,740.9712,1010.3672,0.0,908.0,1345.8748,630.0198,1356.3368,104.43164,1269.0972,12291.392,1349.7996,0.0,1.6203703,1066.5625,1495.524,1872.6741,734.76195,0.0,743.5088,5097.9053,8.460103963333333,7.177374768966667,0.0,0
2022-08-31 15:00:00,1652.7777,16930.1,719.12616,16288.774,1812.1669,23310.0,1802.1849,13653.908,715.36,5599.668,724.8621,0.0,729.46924,1157.9844,0.0,908.0,1399.375,1424.07436,1408.7819,104.43164,1331.5972,12417.339,1406.2449,0.0,1.5625,1332.4688,1537.3,3855.373,694.617,0.0,739.615,7472.1016,8.322812846666668,7.388741382708332,0.0,0
2022-08-31 16:00:00,1656.25,17210.943,284.9197,15058.798,1771.8049,31962.0,1744.0289,14278.947,706.55996,7196.1123,717.9673,0.0,724.76715,1791.2031,0.0,908.0,1341.5625,692.53394,1346.5712,104.43164,1272.5694,12268.478,1347.4559,0.0,1.7939815,2141.75,1438.8281,1810.2126,801.164,10251.25,739.3876,8922.906,7.9929595833333345,7.616370340084167,0.0,0
2022-08-31 17:00:00,1651.0416,17923.305,757.4651,15400.4,1850.5759,34531.0,1820.1959,13985.936,665.91996,10398.082,683.267,1548.2117,704.07814,2032.875,0.0,908.0,1276.6874,1913.6815,1302.0833,104.43164,1227.4306,12280.194,1306.1475,0.0,1.6203703,2181.75,1438.8281,456.92218,813.316,10004.0,740.9275,13487.846,8.980095600833332,8.147183503765,0.0,0
2022-08-31 18:00:00,1644.0972,18745.686,740.10406,16031.445,1875.965,38987.0,1840.8109,14077.836,669.28,9160.648,684.62336,1545.187,702.2696,1885.875,0.0,908.0,1181.0,2200.566,1215.8203,104.43164,1138.889,12493.255,1218.7454,2.1502686,1.5625,1688.75,1378.6056,441.737,790.531,10654.0,738.66004,14009.061,9.4151484675,8.941374722946666,0.0,0
2022-08-31 19:00:00,1640.625,18526.328,814.4309,13911.8545,1794.807,27312.0,1772.4559,14761.58,727.67997,4947.335,732.4351,0.0,736.8478,1315.3438,0.0,908.0,1249.1875,650.0741,1256.0583,104.43164,1163.1944,12628.858,1244.5264,0.0,1.6782407,236.61719,1406.818,437.87012,838.92196,8041.0,745.5038,6953.95,9.377027700000001,7.757753034938333,0.0,0
2022-08-31 20:00:00,1640.625,16820.795,849.6955,12811.018,1784.825,28002.0,1762.257,14640.764,740.0,3082.7139,741.25147,0.0,743.43073,1123.3906,0.0,908.0,1341.8751,647.818,1343.4064,104.43164,1255.2084,11856.37,1337.495,0.0,1.7361112,782.65625,1460.5299,260.4931,857.14996,5113.0,748.1812,4583.506,8.203756395833334,6.508991281375,0.0,0
2022-08-31 21:00:00,1642.3612,13936.072,869.5883,12077.663,1871.1909,24827.0,1853.3969,13991.658,741.92,2148.0137,744.6424,0.0,743.43073,1123.3906,0.0,908.0,1451.2501,4549.173,1458.7854,104.43164,1383.6806,11084.262,1455.5612,0.0,1.6782407,167.44922,1587.7566,328.4903,865.179,1712.4062,747.6063,4425.291,7.921815216666668,5.843912916059167,0.0,0
2022-08-31 22:00:00,1647.5694,10539.195,836.946,83.50442,1857.737,21082.0,1842.33,13894.811,744.8,2150.0269,746.33783,0.0,743.43073,1123.3906,0.0,908.0,1561.3749,3689.856,1559.6066,104.43164,1489.5834,10575.419,1559.0765,1.976593,1.6782407,456.40625,1643.3674,501.9239,896.86096,9044.5,749.8325,3558.105,6.541243779749999,5.4500327254325,0.0,0
2022-08-31 23:00:00,1651.0416,2853.0024,827.63257,0.0,1858.171,23884.0,1839.726,13503.08,746.71996,943.7457,747.4681,0.0,743.43073,1123.3906,0.0,908.0,1427.125,3493.8672,1535.1925,104.43164,1468.75,10810.065,1536.7132,0.0,1.7361112,168.57031,1620.8518,557.4618,879.93497,1750.3438,747.9663,1902.5046,4.9099530074999995,5.0250652898875,0.0,0
